{"cameraMode":{"drawMode":0,"name":"Shaded","section":"Shading Mode"},"sceneLighting":true,"audioPlay":false,"sceneViewState":{"showFog":true,"showMaterialUpdate":false,"showSkybox":true,"showFlares":true,"showImageEffects":true,"showParticleSystems":true},"in2DMode":false,"pivot":{"x":-0.034322693943977359,"y":0.691573977470398,"z":-0.1501309871673584},"rotation":{"x":-0.04362667351961136,"y":-0.08770647644996643,"z":0.00383870885707438,"w":-0.9951899647712708},"size":1.8073949813842774,"orthographic":false}